{ "data" : { "list" : [ { "asset" : 1376,
            "avg" : 17.879999999999999,
            "d_peak" : 43.899999999999999,
            "halfyear_kpi" : 0,
            "halfyear_kpi_percentage" : 0,
            "kpi" : 0,
            "kpi_percentage" : 0,
            "mtype_0" : 0,
            "name" : "BackupPool",
            "peak" : 17.879999999999999,
            "totalHosts" : 1375,
            "totalMount" : 1375
          },
          { "asset" : 2546,
            "avg" : 12.550000000000001,
            "d_peak" : 25.300000000000001,
            "halfyear_kpi" : 17,
            "halfyear_kpi_percentage" : 77.530000000000001,
            "kpi" : 22,
            "kpi_percentage" : 59.909999999999997,
            "mtype_0" : 29,
            "name" : "DBA",
            "peak" : 13.18,
            "totalHosts" : 2559,
            "totalMount" : 4408
          },
          { "asset" : 9129,
            "avg" : 18.449999999999999,
            "d_peak" : 41,
            "halfyear_kpi" : 0,
            "halfyear_kpi_percentage" : 0,
            "kpi" : 0,
            "kpi_percentage" : 0,
            "mtype_0" : 0,
            "name" : "default",
            "peak" : 18.449999999999999,
            "totalHosts" : 9479,
            "totalMount" : 9479
          },
          { "asset" : 13679,
            "avg" : 16,
            "d_peak" : 35.490000000000002,
            "halfyear_kpi" : 14,
            "halfyear_kpi_percentage" : 148.71000000000001,
            "kpi" : 20,
            "kpi_percentage" : 104.09999999999999,
            "mtype_0" : 625,
            "name" : "ECOMOP",
            "peak" : 20.82,
            "totalHosts" : 13356,
            "totalMount" : 15426
          },
          { "asset" : 36742,
            "avg" : 76.319999999999993,
            "d_peak" : 88.280000000000001,
            "halfyear_kpi" : 62,
            "halfyear_kpi_percentage" : 124.31,
            "kpi" : 67,
            "kpi_percentage" : 115.03,
            "mtype_0" : 147,
            "name" : "INF-OP",
            "peak" : 77.069999999999993,
            "totalHosts" : 36372,
            "totalMount" : 50822
          },
          { "asset" : 4465,
            "avg" : 18.539999999999999,
            "d_peak" : 40.450000000000003,
            "halfyear_kpi" : 20,
            "halfyear_kpi_percentage" : 123.45,
            "kpi" : 25,
            "kpi_percentage" : 98.760000000000005,
            "mtype_0" : 122,
            "name" : "MI",
            "peak" : 24.690000000000001,
            "totalHosts" : 4403,
            "totalMount" : 5337
          },
          { "asset" : 24750,
            "avg" : 12.289999999999999,
            "d_peak" : 32.079999999999998,
            "halfyear_kpi" : 0,
            "halfyear_kpi_percentage" : 0,
            "kpi" : 0,
            "kpi_percentage" : 0,
            "mtype_0" : 0,
            "name" : "NO_BUSINESS",
            "peak" : 12.300000000000001,
            "totalHosts" : 24443,
            "totalMount" : 24850
          },
          { "asset" : 6044,
            "avg" : 17.420000000000002,
            "d_peak" : 38.439999999999998,
            "halfyear_kpi" : 20,
            "halfyear_kpi_percentage" : 105.75,
            "kpi" : 25,
            "kpi_percentage" : 84.599999999999994,
            "mtype_0" : 317,
            "name" : "NSOP",
            "peak" : 21.149999999999999,
            "totalHosts" : 5829,
            "totalMount" : 6037
          },
          { "asset" : 807,
            "avg" : 10.539999999999999,
            "d_peak" : 24.539999999999999,
            "halfyear_kpi" : 0,
            "halfyear_kpi_percentage" : 0,
            "kpi" : 0,
            "kpi_percentage" : 0,
            "mtype_0" : 55,
            "name" : "OP",
            "peak" : 10.6,
            "totalHosts" : 803,
            "totalMount" : 804
          },
          { "asset" : 48246,
            "avg" : 30.079999999999998,
            "d_peak" : 50.619999999999997,
            "halfyear_kpi" : 31,
            "halfyear_kpi_percentage" : 106.84,
            "kpi" : 35,
            "kpi_percentage" : 94.629999999999995,
            "mtype_0" : 4785,
            "name" : "PSOP",
            "peak" : 33.119999999999997,
            "totalHosts" : 48091,
            "totalMount" : 52470
          },
          { "asset" : 1318,
            "avg" : 16.920000000000002,
            "d_peak" : 35.890000000000001,
            "halfyear_kpi" : 15,
            "halfyear_kpi_percentage" : 148.80000000000001,
            "kpi" : 20,
            "kpi_percentage" : 111.59999999999999,
            "mtype_0" : 168,
            "name" : "SDC",
            "peak" : 22.32,
            "totalHosts" : 1286,
            "totalMount" : 1286
          },
          { "asset" : 1222,
            "avg" : 22.780000000000001,
            "d_peak" : 44.030000000000001,
            "halfyear_kpi" : 15,
            "halfyear_kpi_percentage" : 174.27000000000001,
            "kpi" : 25,
            "kpi_percentage" : 104.56,
            "mtype_0" : 13,
            "name" : "SZOP",
            "peak" : 26.140000000000001,
            "totalHosts" : 1189,
            "totalMount" : 1459
          },
          { "asset" : 4516,
            "avg" : 16.760000000000002,
            "d_peak" : 36.149999999999999,
            "halfyear_kpi" : 24,
            "halfyear_kpi_percentage" : 79.709999999999994,
            "kpi" : 27,
            "kpi_percentage" : 70.849999999999994,
            "mtype_0" : 369,
            "name" : "VSOP",
            "peak" : 19.129999999999999,
            "totalHosts" : 4441,
            "totalMount" : 4620
          }
        ],
      "page" : { "curPage" : "1",
          "perPage" : "20",
          "total" : 13
        }
    },
  "message" : "ok",
  "success" : true
}